telephone,country,url,name,address
(902) 422-0222,"Halifax, Canada",http://www.2crowsbrewing.com,2 Crows Brewing Co,1932 Brunswick Street 
(604) 620-4589,"Vancouver, Canada",http://www.33acresbrewing.com,33 Acres Brewing Company,15 W 8th Ave 
,"Victoria, Canada",,4 Mile Brewing Co, 
(250) 479-3346,"Victoria, Canada",http://www.4milebrewingco.com,4 Mile Brewing Company,199 Island Highway 
(905) 665-3042,"Whitby, Canada",http://www.5paddlesbrewing.com,5 Paddles Brewing Company,1390 Hopkins Street  Unit 3
(306) 380-6814,"Saskatoon, Canada",http://www.9milelegacy.com,9 Mile Legacy Brewing,PO Box 903 Stn Main 
(418) 986-5005,"L`Etang-du-Nord, Canada",http://www.alabridelatempete.com,A l`Abri de la Tempete,286 Chemin Coulombe 
1-778-214-1743,"Kelowna, Canada",,Adventureland Ales, 
(418) 937-6484,"Etang-du-nord, Canada",,Ala Bride De La Tempete,286 Ch. Coulombe 
(902) 455-1474,"Halifax, Canada",http://www.keiths.ca,Alexander Keiths Brewery,1496 Lower Water St 
,"Halifax, Canada",,Alexander Keith's Pilot Brewery,1496 Lower Water Street 
(416) 238-6760,"Oakville, Canada",http://www.allornothing.beer,All Or Nothing Brewhouse,1156 Speers Rd 
(780) 436-8922,"Edmonton, Canada",http://www.alleykatbeer.com,Alley Kat Brewing Co,9929 60 Ave NW 
(780) 628-2305,"Edmonton, Canada",http://www.ambersbrewing.com,Amber`s Brewing Co,9926 - 78 Avenue NW 
(604) 926-6636,"W Vancouver, Canada",http://www.amblesidebrewing.com/,Ambleside Brewing Co,1531 Clyde Ave 
(416) 735-5752,"Toronto, Canada",http://www.amsterdambeer.com,Amsterdam Brewing Co,45 Esandar Dr 
(604) 253-2400,"Vancouver, Canada",http://www.andinabrewing.ca,Andina Brewing Company Inc.,1507 Powell Street 
,"New Westminster, Canada",,Another Beer Company Inc., 
(418) 841-2224,"Lac-Beauport, Canada",,Archibald Microbrasserie,1021 Blvd du Lac 
(613) 257-4423,"Ashton, Canada",http://www.ashtonbrewpub.ca,Ashton Brewing Company,113 Old Mill Road 
1-778-433-6746,"Victoria, Canada",http://www.axeandbarrel.com/,Axe,2323 Millstream Ave 
(250) 493-8686,"Penticton, Canada",,Bad Tattoo Brewing,169 Estrabrook Ave 
(519) 733-6900,"Kingsville, Canada",http://www.jacksgastropub.com,Banded Goose Brewing Company,31 Division Street South 
(403) 762-1003,"Banff, Canada",http://www.banffavebrewingco.ca,Banff Ave Brewing Company,110 Banff Ave 2nd Floor Clocktower Village Mall
(416) 920-2434,"Toronto, Canada",http://www.barvolo.com,Bar Volo,"28 Dundonald St, Suite 1 "
(819) 322-2710,"Val-David, Canada",http://barilroulant.com/,Baril Roulant,1652 
(778) 414-2739,"Quesnel, Canada",,Barkerville Brewing Co.,185 Davie St 
(613) 476-7468,"Picton, Canada",,Barley Days Brewery,RR4 11369 Loyalist Pkwy 
(306) 949-1500,"Regina, Canada",,Barley Mill Brew Pub,6155 Rochdale Blvd 
(250) 493-8000,"Penticton, Canada",http://www.barleymillpub.com,"Barley Mill Brewpub, The",2460 Skaha Lake Road 
(250) 832-0999,"Salmon Arm, Canada",http://www.barleystation.com,Barley Station Brew Pub,20 Shuswap St. SE 
(250) 832-0999,"Salmon Arm, Canada",http://www.barleystation.com,Barley Station Brewpub,20 Shuswap Street SE 
1-204-951-7354,"Winnipeg, Canada",http://barnhammerbrewing.ca,Barn Hammer Brewing Co,595 Wall St 
(902) 621-2086,"Breadalbane, Canada",,BarNone Brewery and Hop Farm,4248 Route 225  RR4 Rose Valley
(604) 313-9505,"Delta, Canada",,Barnside Brewing Co.,6545 60th Ave 
(705) 481-1701,"Barrie, Canada",http://www.barnstormerbrewing.com,Barnstormer Brewing,384 Yonge Street Unit 3
(519) 676-1888,"Erieau, Canada",http://www.baysidebrewing.com,Bayside Brewing Company, 
(780) 852-4111,"Jasper, Canada",http://www.bearhillbrewingco.ca,Bear Hill Brewing Company,624 Connaught Dr PO Box 458
(613) 678-2799,"Vankleek Hill, Canada",http://www.beaus.ca,Beau's All Natural Brewing Co,10 Terry Fox Dr 
(250) 995-2337,"Victoria, Canada",http://www.bedfordbrewing.com,Bedford Brewing,776 Fairview Rd 
(450) 447-5165,"Chambly, Canada",http://www.bedondaine.com,Bedondaine & Bedons Ronds,"255, rue Ostiguy "
(819) 442-3839,"Amos, Canada",http://www.belghbrasse.com,Belgh Brasse,8 De La Brasserie 
,"Toronto, Canada",http://www.bellwoodsbrewery.com,Bellwood's Brewery,124 Ossington Ave 
,"Oakville, Canada",,Bench Brewing Company, 
78051770008,"Yellowhead County, Canada",http://www.benchcreekbrewing.com,Bench Creek Brewing,53527 Rge Rd 181A 
(438) 390-2350,"Montréal, Canada",http://brasseriebenelux.com,Benelux Brasserie Artisanale et Cafe,245 Rue Sherbrooke O 
(905) 681-2739,"Burlington, Canada",http://www.nickelbrook.com,Better Bitters Brewing Co,864 Drury Lane 
(613) 695-2991,"Otawa, Canada",http://www.beyondthepale.ca,Beyond the Pale,5 Hamilton Ave North 
(613) 408-3362,"Ottawa, Canada",http://www.bicyclecraftbrewery.ca,Bicycle Craft Brewery,850 Industrial Ave 
(514) 933-7576,"Montreal, Canada",http://www.bierbrier.com,Bierbrier Brewing Inc,1250 Rene-Levesque West Suite 2200 
(506) 575-1093,"Nackawic, Canada",http://www.bigaxe.ca,Big Axe Brewery,519 Otis Dr 
(604) 574-2739,"Surrey, Canada",,Big Ridge Brewing Co,5580 152 St 
(604) 574-2739,"Surrey, Canada",http://www.mjg.ca/big-ridge,Big Ridge Brewing Company,5580 152 St  
(613) 688-3336,"Ottawa, Canada",,Big Rig Brewery,2750A Iris Street 
(604) 271-2739,"Richmond, Canada",,Big River Brewing Co,"14200 Entertainment Way, #180 "
,"Calgary, Canada",http://www.bigrockbrewery.com,Big Rock Brewery Ltd,5555 76th Ave SE 
,"Kelowna, Canada",,Big Surf Beer Co,8860 Jim Bailey Cres 
(506) 214-3311,"Saint John, Canada",http://www.bigtidebrew.com,Big Tide Brewing Company,47 Princess St 
(514) 788-7635,"Montreal, Canada",http://www.bblsg.com,Bistro Brasserie Les Soeurs Grises,32 Rue McGill 
(819) 682-1221,"Gatineau, Canada",http://www.lautreoeil.com,Bistro L'Autre Oeil,55 Rue Principale 
,"Swift Current, Canada",,Black Bridge Brewery Ltd,295 Alexander Drive 
(416) 736-1733,"Toronto, Canada",http://www.blackcreekbrewery.ca,Black Creek Historic Brewery,1000 Murray Ross Pkwy 
,"North Vancouver, Canada",,Black Kettle Brewing Co ,720 Copping St 
(416) 252-2739,"Toronto, Canada",http://www.blackoakbeer.com,Black Oak Brewing Co,75 Horner Ave Unit #1 
(519) 814-7926,"Stratford, Canada",http://www.blackswanbrewing.ca,Black Swan Brewing Company,144 Downie St 
+1-780-699-8862,"Edmonton, Canada",http://www.blindenthusiasm.ca,Blind Enthusiasm Brewing Company, 
(403) 786-2337,"Lacombe, Canada",http://www.blindmanbrewing.com,Blindman Brewing,Bay F - 3413 53 Avenue 
,"St. Jacobs, Canada",,Block Three Brewing Company ,1430 King Street North  
(236) 420-0025,"Kelowna, Canada",http://www.bnabrewing.com,BNA Brewing Company,1250 Ellis St. 
(705) 243-7077,"Toronto, Canada",http://bobcaygeonbrewing.ca,Bobcaygeon Brewing Company,1 Fallingbrook Woods 
(604) 428-7457,"Vancouver, Canada",http://www.bomberbrewing.com,Bomber Brewing Co.,1488 Adanac St 
,"Kelowna, Canada",,Bone Brewing Co ,4-8860 Jim Bailey Cres 
(306) 586-3553,"Regina, Canada",,Bonzzinis Brewpub,4634 Albert St 
(819) 542-1311,"Sherbrooke, Canada",http://www.boquebiere.com,Boquebiere,"50, rue Wellington Nord "
(250) 851-2543,"Kamloops, Canada",http://www.bowenislandbeer.com,Bowen Island Brewing Co,965 McGill Pl 
,"Shelburne, Canada",http://www.boxingrock.ca,Boxing Rock Brewing Company,78 Ohio Rd 
(514) 849-7779,"Montreal, Canada",http://www.brasseriereservoir.ca,Brasserie Artisanale & Bistro / Reservoir,9 DuLuth Est 
(450) 759-7482,"Joliette, Canada",http://www.brasseriealbion.com,Brasserie Artisanale Albion,408 Boul Manseua 
(514) 508-1615,"Montreal, Canada",http://www.lasuccursale.com,Brasserie Artisanale La Succursale,318 Rue Mason 
45081816039,"Sainte-Thérèse, Canada",http://www.saintgraal.ca,Brasserie Artisanale Le Saint Graal,32 Rue Turgeon
(819) 732-6519,"Amos, Canada",,Brasserie Belgh Brasse,8 rue de la Brasserie 
,"Montreal , Canada",,Brasserie Bierbrier,370 Rue Guy  G9
(514) 490-9555,"Montreal, Canada",http://www.dieuduciel.com,Brasserie Dieu Du Ciel,29 Laurier Ouest 
(450) 436-3438,"Saint Jerome, Canada",http://www.dieuduciel.com,Brasserie Dieu Du Ciel,259 rue de Villemure 
(450) 295-1500,"Dunham, Canada",http://www.brasseriedunham.com,Brasserie Dunham,"3809 Principale, Local 104 "
(418) 614-0932,"Quebec, Canada",http://www.korrigane.ca,Brasserie La Korrigane,380 Rue Dorchester 
(800) 945-1934,"St-Hyacinthe, Canada",http://www.lecardinal-brasserie.ch,Brasserie Le Cardinal,5420 Martineau 
(450) 534-0066,"Bromont, Canada",,Brasserie Le Chaudron,92 Boulevard de Bromont 
(819) 537-9151,"Shawinigan, Canada",http://www.troududiable.com,Brasserie Le Trou Du Diable,412 Avenue Willow 
(514) 939-3060,"Montreal, Canada",http://www.mcauslan.com,Brasserie McAuslan,5080 rue St Ambroise 
(514) 312-3035,"Boucherville, Canada",http://www.brasserie-newdeal.com,Brasserie New Deal Brewery Co.,"1500 Nobel Street, Suite J "
(450) 826-4609,"Saint-Antoine-Abbe, Canada",http://www.brasserie-saint-antoine-abbe.com,Brasserie Saint-Antoine-Abbe,"3299, Route 209 "
(450) 587-2122,"Contrecoeur, Canada",,Brasserie Tchèquebec,4245 Route Marie-Victorin 
(514) 908-2337,"Montreal, Canada",,Brasseries BVM du Canada,"6729, avenue de l`Esplanade "
(514) 788-4505,"Montreal, Canada",,Brasseurs De Montréal Inc,1485 Ottawa 
(514) 267-3369,"Saint-Hyacinthe, Canada",http://www.brasseursdumonde.ca,Brasseurs Du Monde,3755 Picard 
(450) 247-2393,"Durham, Canada",http://www.betf.ca,Brasseurs et Freres,3809 rue Principale 
(514) 274-4941,"Montreal, Canada",,Brasseurs GMT,5585 Rue De La Roche 
(450) 598-1363,"Saint-Eustache, Canada",http://www.brasseursillimites.com,Brasseurs Illimites,385 Rue Du Parc 
(506) 733-1313,"Edmundston, Canada",http://www.petitsault.com,Brasseurs Petit Sault,45 De L'Eglise St 
(514) 274-4941,"Montreal, Canada",http://www.brasseursrj.com,Brasseurs RJ,5585 Rue de la Roche 
(438) 822-1197,"Montreal, Canada",http://www.brasseurssansgluten.com,Brasseurs San Gluten,950-2350 Dickson 
,"Vancouver, Canada",,Brassneck Brewery ,2148 Main St.  
(514) 788-4500,"Montreal, Canada",http://www.brasseurdemontreal.com,Brassuer De Montreal Brewing Company,1483 Ottawa 
(204) 453-7980,"Winnipeg, Canada",http://www.brazenhall.ca,Brazen Hall Brewery,800 Pembina Hwy 
(403) 258-2739,"Calgary, Canada",,Brew Brothers Brewing Co,PO Box 82015 RPO Scarboro 607 - 11th Avenue SW
(403) 861-3529,"Calgary, Canada",,Brewery in Planning - Calgary, 
40039015448,"Calgary, Canada",,Brewery in Planning - Calgary, 
,"Calgary, Canada",,Brewery in Planning - Calgary, 
,"Calgary, Canada",,Brewery in Planning - Calgary, 
,"Calgary, Canada",,Brewery In Planning - Calgary, 
,"Calgary, Canada",,Brewery In Planning - Calgary, 
,"Calgary, Canada",,Brewery In Planning - Calgary, 
,"Kemptville, Canada",,Brewery in Planning - Kemptville, 
(647) 284-3956,"Mississauga, Canada",,Brewery in Planning - Mississauga, 
(613) 882-8648,"Ottawa, Canada",http://www.kairosene.com,Brewery in Planning - Ottawa, 
(613) 863-8798,"Ottawa, Canada",http://www.nitabeer.com,Brewery In Planning - Ottawa,190 Colonnade Road 
(506) 737-3836,"Saint-Jacques, Canada",,Brewery In Planning - Saint-Jacques, 
(416) 400-9055,"Toronto, Canada",,Brewery In Planning - Toronto, 
(780) 429-4677,"Edmonton, Canada",http://www.brewstersbrewingco.com,Brewsters Brewing Co. - Century Park,2335 111 Street 
(403) 208-2739,"Calgary, Canada",http://www.brewstersbrewingco.com,Brewsters Brewing Co. - Crowfoot Crossing,25 Crowfoot Terrace NW 
(403) 233-2739,"Calgary, Canada",http://www.brewstersbrewingco.com,Brewsters Brewing Co. - Eau Clair Market,101 Barclay Parade SW 
(403) 265-2739,"Calgary, Canada",http://www.brewstersbrewingco.com,Brewsters Brewing Co. - Eleventh Ave,834 11th Ave SW 
(403) 723-2739,"Calgary, Canada",http://www.brewstersbrewingco.com,Brewsters Brewing Co. - Foothills,5519 53rd Street SE 
(403) 225-2739,"Calgary, Canada",http://www.brewstersbrewingco.com,Brewsters Brewing Co. - Lake Bonavista,25 Crowfoot Terrace NW 
(403) 208-2739,"Edmonton, Canada",http://www.brewstersbrewingco.com,Brewsters Brewing Co. - Lakeside Landing,15327 Castledowns Road 
(306) 757-2739,"Regina, Canada",http://www.brewstersbrewingco.com,Brewsters Brewing Co. - Landmark,4180 Albert St. 
(780) 421-4677,"Edmonton, Canada",http://www.brewstersbrewingco.com,Brewsters Brewing Co. - Meadowlark,15820 87th Avenue 
(306) 522-2739,"Regina, Canada",http://www.brewstersbrewingco.com,Brewsters Brewing Co. - Normanview,480 North McCarthy Blvd 
(780) 482-4677,"Edmonton, Canada",http://www.brewstersbrewingco.com,Brewsters Brewing Co. - Oliver Square,11620 104th Ave 
(306) 761-1500,"Regina, Canada",http://www.brewstersbrewingco.com,Brewsters Brewing Co. - Victoria East,1832 Victoria Ave E 
(519) 576-9100,"Waterloo, Canada",http://www.brickbeer.com,Brick Brewing Co Ltd,181 King St S 
(604) 770-2739,"North Vancouver, Canada",http://www.bridgebrewing.com,Bridge Brewing Company,1448 Charlotte Road 
(306) 382-6060,"Saskatoon, Canada",,Bridges Ale House and Eatery,2415 22nd St W 
(289) 821-2738,"Ridgeway, Canada",http://www.brimstonebrerwing.ca,Brimstone Brewing Company,209 Ridge Road N 
,"Ottawa, Canada",,Broadhead Brewing Company ,81 Auriga Drive Unit 27
(819) 537-0044,"Shawinigan, Canada",http://www.bwmicrobrasserie.com,Broadway Microbrasserie,540 Ave Broadway 
(819) 537-0044,"Shawinigan, Canada",http://www.bwmicrobrasserie.com,Broadway Pub Brasserie,520 Av Broadway 
,"Ottowa, Canada",http://www.brokenstickbrewing.com,Broken Stick Brewing Company,78-5450 Canotek Rd 
,"Laval , Canada",,Broue Alliance ,3838 Boulevard Leman 
(514) 271-7571,"Montreal, Canada",,Broue Pub Brouhaha,5860 De Lorimier 
(647) 404-3700,"Toronto, Canada",http://www.brunswickbierworks.com,Brunswick Bierworks,25 Curity Ave 
(514) 393-9277,"Montreal, Canada",http://www.brutopia.net,Brutopia,1219 Rue Crescent 
(306) 778-9110,"Swift Current, Canada",,Buffalo Brewpub,240 Central Ave N/Ste 2 
(604) 421-2929,"Burnaby, Canada",http://www.burnabybrewing.com,Burnaby Brewing Co,#3 3051 Underhill Ave 
(306) 359-7276,"Regina, Canada",http://2206 Dewdney Ave.,Bushwakker Brewing Co Ltd,2206 Dewdney Ave 
(514) 908-2337,"Montreal, Canada",,BVM Breweries,6729 de L'esplanade 
(416) 867-9499,"Toronto, Canada",http://www.cestwhat.com,C`est What?,67 Front St East 
(613) 752-2739,"Calabogie, Canada",http://www.calabogiebrewingco.ca,Calabogie Brewing Company,12612 Lanark Rd.  
(604) 569-2739,"Vancouver, Canada",http://www.callisterbrewing.com,Callister Brewing Company,1338 Franklin St 
,"Oakville, Canada",,Camerons Brewing Co,1165 Invicta Drive 
(250) 493-2723,"Penticton, Canada",http://www.cannerybrewing.com,Cannery Brewing,198 Ellis St  
(250) 361-1940,"Victoria, Canada",,CANOE Brewpub,450 Swift St (Heritage Quay) 
,"Abbotsford , Canada",,Canuck Empire Brewing ,67-3087 Immel Street 
,"Casselman , Canada",,Cassel Brewing Company ,715 Principale St 
,"Saanichton, Canada",http://www.category12beer.com,Category 12 Brewing, Unit C 2200 Keating Cross Rd 
(519) 432-1425,"London, Canada",,CEEPS Barneys Ltd,671 Richmond St 
(506) 988-2551,"Riverview, Canada",http://www.facebook.com/celticknotbrewing,Celtic Knot Brewing, 
(604) 582-6620,"Surrey, Canada",http://www.centralcitybrewing.com,Central City Brewing Co,11411 Bridgeview Drive 
(519) 945-5512,"Windsor, Canada",http://www.mnsi.net/~dcoop/index.htm,Charlys Brewpub / Timeout Brewing,4715 Tecumseh Road East 
(920) 533-2078,"Guysborough, Canada",http://www.rarebirdpub.com,Chedabucto Bay Brewery / Rare Bird Pub,80 Main Street 
,"Toronto, Canada",,Cheshire Valley Brewing Co, 
(819) 691-3371,"Trois-Rivieres, Canada",,Chez Gambrinus,3160 Boulevard des Forges 
(306) 694-5100,"Moose Jaw, Canada",,Chillers Brew Pub,510 Home St W 
(705) 653-9950,"Campbellford, Canada",http://www.churchkeybrewing.com,Church Key Brewing Co,1678 County Rd #38 RR #2
,"Victoria, Canada",,Church Spirits & Ales Inc., 
,"Saskatoon, Canada",,Churchill Brewing Company,839 51st Street East 
(306) 384-6633,"Saskatoon, Canada",,Clarks Crossing Brewpub,3030 Diefenbaker Dr 
,"Tusket, Canada",,Clear Coast Brewery, 
(604) 850-8468,"Abbotsford, Canada",http://www.clearbrookbrewing.com,Clearbrook Brewing,Unit 1 - 3275 McCallum Road 
(613) 233-7849,"Ottawa, Canada",,Clocktower Brewpub,832 Maplewood Ave 
,"Vancouver  , Canada",,Coal Harbor Brewing Company,1967 Triumph Street  
(289) 426-2374,"Hamilton, Canada",http://www.collectiveartsbrewing.com,Collective Arts Brewing,207 Burlington St East 
(905) 457-1975,"Toronto, Canada",http://www.coolbeer.com,Cool Beer Brewing Co,164 Evans Avenue 
(418) 380-2505,"Levis, Canada",http://www.corsairemicro.com,Corsaire Microbrasserie,"8780B, Boul. Guillaume-Couture "
,"Lethbridge, Canada",,Coulee Brew Co,4085 2 Ave S 
(613) 915-2337,"Stittsville, Canada",http://www.coveredbridgebrewing.com,Covered Bridge Brewing,#6-119 Iber Road 
18445234724,"Blyth, Canada",http://www.cowbellbrewing.com,Cowbell Brewing Co,40035 Blyth Rd 
(250) 737-2337,"Duncan, Canada",,Craig Street Brewing,45 Craig Street 
,"Sorrento, Canada",,Crannog Ales Ltd,706 Elson Road 
(306) 721-2739,"Regina, Canada",,Creekside Pub & Brewery,3215 Eastgate Drive 
(705) 466-2240,"Creemore, Canada",http://www.creemoresprings.com,Creemore Springs Brewery,139 Mill St 
(250) 614-2337,"Prince George, Canada",http://www.crossroadscraft.com,CrossRoads Brewing,508 George St 
(250) 400-2739,"Cumberland, Canada",http://www.cumberlandbrewing.com,Cumberland Brewing Company,2732 Dunsmuir Ave 
,"Prince George, Canada",http://cutbankbrewery.com/,Cutbank Brewery Ltd., 
(604) 420-2050,"Burnaby, Canada",http://www.dageraadbrewing.com,Dageraad Brewing,"#114, 3191 Thunderbird Cres "
(604) 856-1055,"Aldergrove, Canada",http://www.deadfrogbrewery.com,Dead Frog Brewery,Unit 1-27272 Gloucester Way 
(604) 770-1136,"North Vancouver , Canada",http://www.deepcovecraft.com,Deep Cove Brewers and Distillers,Unit 170-2270 Dollarton Hwy  
,"St-Jérôme, Canada",,Dieu Du Ciel,259 Rue De Villemure 
(306) 580-8855,"Regina, Canada",http://districtbrewing.ca,District Brewing Co,1555 8th Ave 
(604) 682-2739,"Vancouver, Canada",,Dix Barbecue and Brewery,871 Beatty St 
(604) 559-0415,"Vancouver, Canada",http://www.doanscraftbrewing.com,Doan's Craft Brewing Company,1830 Powell St. 
(604) 685-7070,"Vancouver, Canada",,Dockside Brewing Co,Granville Island Hotel/1253 Johnson St 
(780) 849-1589,"Slave Lake, Canada",http://www.dogislandbrewing.com,Dog Island Brewing,250 Caribou Trail Box 1753
,"Ottawa, Canada",,Dominion City Brewing,#15 5510 Canotek Road 
(855) 467-5683,", Canada",http://www.doubletroublebrewing.com,Double Trouble Brewing Company, 
(250) 590-2013,"Victoria, Canada",http://www.driftwoodbeer.com,Driftwood Brewing Co,#102-450 Hillside Ave 
(403) 346-1146,"Red Deer, Canada",http://www.drummondbeer.com,"Drummond Brewing Co, Ltd","#8, 6610 71 Street "
(709) 739-6344,"St. Johns, Canada",http://www.theduke.nf.ca,Duke of Duckworth,325 Duckworth McMurdos Lane
(905) 686-3022,"Pickering, Canada",,Durham Brewing Co,"1885 Clements Rd, #273 "
,"Vancouver, Canada",,East Vancouver Brewing Company, 
(416) 918-2404,"Toronto, Canada",http://www.eastboundbeer.com,Eastbound Brewing Company,700 Queen St East 
(519) 824-1195,"Guelph, Canada",http://www.fmbrewery.com,F & M Brewery,355 Elmira Road 
(604) 615-2327,"Vancouver, Canada",http://www.factory.beer,Factory Brewing Ltd, 
,"Vancouver, Canada",,Faculty Brewing Co.,1830 Ontario Street 
(204) 777-0909,"Neepawa, Canada",http://www.farmery.ca,Farmery Estate Brewery,Po Box 519 
,"Farnham, Canada",,Farnham Ale and Lager,401 Boulevard De Normandie Nord 
(250) 716-2739,"Nanaimo, Canada",,Fat Cat Brewery,940 Old Victoria Rd #2 
(780) 623-0477,"Plamondon, Canada",http://www.fubrew.com,Fat Unicorn Brewery,Fat Unicorn Brewery 
(406) 290-1715,"Airdrie, Canada",http://www.federationofbeer.com,Federation of Beer,PO Box 70065 
(418) 464-2668,"St-Polycarpe, Canada",,Ferme Brasserie Schoune,2075 Ste-Catherine 
(250) 423-7797,"Fernie, Canada",http://www.ferniebrewing.com,Fernie Brewing Company,26 Manitou Rd 
,"Oliver, Canada",,Firehall Brewery ,6077 Main Street  
,"Kelowna, Canada",,Fireweed Brewing Corporation ,1083 Richter Street  
(705) 721-8989,"Barrie, Canada",http://www.robertsimpsonbrewery.com,Flying Monkey Brewing Co,107 Dunlop Street East 
(604) 459-7837,"Pitt Meadows, Canada",http://www.foamersfolly.ca,Foamers' Folly Brewing Co.,19221 122A Ave 
(780) 865-6339,"Hinton, Canada",,Folding Mountain Brewing, 
(250) 702-7975,"Courtenay, Canada",http://www.forbiddenbrewing.com,Forbidden Brewing Co., 
,"London , Canada",,Forked River Brewing Company,45 Pacific Court  Unit 16
(204) 487-3678,"Winnipeg, Canada",http://www.fortgarry.com,Fort Garry Brewing Co Ltd.,130 Lowson Crescent 
(604) 940-9949,"Delta, Canada",http://fourwindsbrewing.ca,Four Winds Brewing Company Ltd,# 4 - 7355 72nd Street 
(306) 664-2233,"Saskatoon, Canada",,Fox and Hounds Pub and Brewery,20-7 Asisniboine Dr 
418-479-5683,"Frampton, Canada",http://www.framptonbrasse.com,Frampton Brasse,430 5eme Rang 
(250) 491-2695,"Kelowna, Canada",,Freddys Brewpub,948 McCurdy Road 
(250) 765-8956,"Kelowna , Canada",http://www.mccurdybowl.com,Freddy's Brewpub,124-948 McCurdy Rd.  
,"Calgary, Canada",http://www.freeholdbrewing.ca,Freehold Brewing Company, 
,"Richmond, Canada",http://www.fuggleswarlock.com,Fuggles & Warlock Craftworks,Unit 103 - 11220 Horseshoe Way 
,"Charlottetown, Canada",http://www.halifax.gahan.ca,Gahan Brewery -Production facility,449 University Ave 
,"Gatineau, Canada",,Gainsbourg Bistro-brasserie,9 Aubry St 
(416) 520-1972,"Gananoque, Canada",http://www.ganbeer.com,Gananoque Brewing Company,9 King Street East 
(902) 453-5343,"Halifax, Canada",http://www.garrisonbrewing.com,Garrison Brewing Co,1149 Marginal Rd 
,"Trenton , Canada",,Gateway Brewing Company ,33 Ontario Street  
519-843-1660,"Fergus, Canada",,Gilbertson & Page (Canada) Inc.,620 Glengarry Cres. 
(250) 661-4664,"Courtenay, Canada",http://www.gladstonebrewing.ca,Gladstone Brewing,244 4th Ave SW 
(519) 886-2071,"Waterloo, Canada",,Gold Crown Brewing Co,71 King St N 
(819) 562-4589,"Sherbrooke, Canada",http://www.lionlennoxville.com,Golden Lion Pub and Brewing Co,2896 College Street/PO Box 474 
1 403-282-5315,"Calgary, Canada",http://www.goodmoodbrewery.com,Good Mood Brewery, 
(519) 620-3233,"Cambridge, Canada",http://www.grandriverbrewing.com,Grand River Brewing,295 Ainslie St South 
(416) 322-0723,"Toronto, Canada",http://www.granitebrewery.ca,Granite Brewery,245 Eglinton Ave E 
(902) 423-5660,"Halifax, Canada",http://www.granitebrewery.ca,Granite Brewery (No 2),6054 Stairs St 
(604) 687-2739,"Vancouver, Canada",http://www.gib.ca,Granville Island Brewing Co,1441 Cartwright St 
604-687-2739,"Vancouver, Canada",http://www.gib.ca,Granville Island Brewing Co,1441 Cartwright Street 
(506) 459-7710,"Fredericton, Canada",http://www.graystonebrewing.com,Gray Stone Brewing,221king st 
,"Toronto, Canada",,Great Lakes Brewery,30 Queen Elizabeth Blvd 
(416) 255-4510,"Etobicoke, Canada",http://www.greatlakesbeer.com,Great Lakes Brewing Co/Etobicoke,30 Queen Elizabeth Blvd 
(306) 653-4653,"Saskatoon, Canada",,Great Western Brewing Co,519 Second Ave N 
,"North Vancouver, Canada",,Green Leaf Brewing ,123 Carrie Cates Ct.  
(506) 454-4810,"Fredericton, Canada",http://www.grimross.com,Grimross Brewing Co,600 Bishop Drive 
(403) 678-9983,"Canmore, Canada",http://www.thegrizzlypaw.com,Grizzly Paw Brewing Co,622 8th St 
(250) 653-2383,"Salt Spring Island, Canada",http://www.saltspring.com/brewer,Gulf Islands Brewery,270 Furness Rd 
(403) 605-0420,"Cochrane, Canada",http://www.halfhitchbrewing.ca,Half Hitch Brewing,15 Box Ridge Road 
(204) 832-7468,"Winnipeg, Canada",http://www.halfpintsbrewing.com,Half Pints Brewing Co,550 Roseberry Street 
(506) 333-4807,"Quispamis, Canada",http://www.hrbrewing.ca,Hammond River Brewing Company,135 Stock Farm Rd 
(519) 699-4413,"Heidelberg, Canada",,Heidelberg Restaurant and Brewery,"PO Box 116, Two King St "
(902) 356-3556,"Liverpool, Canada",http://www.hellbaybrewing.com,Hell Bay Brewing Company,38 Legion St 
(604) 263-9994,"Vancouver, Canada",http://www.hellsgatebrewing.com,Hell' S Gate Brewing Co,406-1148 Homer St. 
,"Medicine Hat, Canada",http://www.hellsbasement.com,Hells Basement Brewery,"#10, 552 18st SW "
(514) 276-0473,"Montreal, Canada",http://www.helm-mtl.ca,HELM Brasseur Gourmand,273 Rue Bernard Ouest 
(613) 257-7845,"Carlton Place, Canada",http://www.heritagebrewing.com,Heritage Brewing Ltd,40 Bennett St Unit 5-7 
(604) 905-2739,"Whistler, Canada",,High Mountain Brewing Co,4355 Blackcomb Way 
(705) 386-2337,"South River, Canada",http://www.highlanderbrewco.com,Highlander Brewing Co,19 Howard St 
(819) 691-6165,"Ste-Sophie , Canada",,HM Brewing E, 
(519) 941-8887,"Orangeville, Canada",http://www.hockleybeer.ca,Hockley Valley Brewing,25 Centennial Rd 
,"Saint Albert, Canada",,Hogs Head Brewing Company ,16 Rayborn Crescent 
(780) 459-2204,"Albert, Canada",http://www.hogsheadbrewing.ca,Hog's Head BrewingCompany,16 Rayborn Crescent St 
,"Assomption , Canada",,Hopfenstark,643 L'Ange-Gardien 
(450) 713-3060,"L'Assomption, Canada",http://www.hopfenstark.com,Hopfenstark,643 Boulevard L'Ange Gardien 
(306) 477-3473,"Saskatoon, Canada",,Hose and Hydrant Brewing Co,612 11th St E 
(604) 377-4426,"Squamish, Canada",http://www.howesound.com,Howe Sound Brewing Co,PO Box 978 / 37801 Cleveland Ave 
(250) 590-5758,"Victoria, Canada",http://www.hoynebrewing.ca,Hoyne Brewing Co,2740 Bridge Street 
,"Ingleside, Canada",http://www.humblebeginningsbrewing.ca,Humble Beginnings Brewing Co., 
(416) 316-0510,"Toronto, Canada",http://www.indiealehouse.com,Indie Ale House,2876 Dudas W 
(416) 835-5951,"Toronto, Canada",http://www.junctioncraft.com,Junction Craft Brewing,90 Cawthra Avenue 
(250) 851-2543,"Kamloops, Canada",http://www.bearbeer.com,Kamloops Brewery Ltd.,965 McGill Pl 
647-998-6951,"Toronto, Canada",http://www.kensingtonbrewingcompany.com,Kensington Brewing Company,156 Augusta Ave 
(250) 862-5115,"Kelowna, Canada",http://www.kettleriverbrewing.ca,Kettle River Brewing Co,731 Baillie Ave 
,"Ottawa , Canada",,Kichesippi Beer Company ,866 Campbell Ave 
(226) 909-2122,"Owen Sound, Canada",http://www.kilannanbrewing.ca,Kilannan Brewing Co.,103015 Grey Road 18 RR4
(905) 859-5464,"Nobleton, Canada",http://www.kingbrewery.ca,King Brewery,5645 King Road 
(613) 542-4978,"Kingston, Canada",http://www.kingstonbrewing.com,Kingston Brewing Co,34 Clarence St 
,"Quebec, Canada",http://www.korrigane.ca,Korrigane Brasserie Artisanale,380 rue Dorchester 
(604) 599-2357,"Surrey, Canada",http://www.kpu.ca,Kwantlen Polytechnic University Brewing and Brewery Operations Dipl,KPU - Brewing 12666 72 Ave
(418) 692-2877,"Quebec City, Canada",http://www.inox.qc.ca,L`Inox Maitres Brasseurs,"655, Grande Allée Est "
(418) 522-4373,"Quebec City, Canada",http://www.labarberie.com,La Barberie,"310, rue Saint-Roch "
(418) 544-8417,"Saguenay, Canada",http://www.korrigane.ca,"La Korrigane, Café Bistro Victoria","907, rue Mars "
(418) 226-4646,"Saint Georges De Beauce, Canada",http://www.societemicrobrasserie.com,La Societe Microbrasserie,11640 1 Ave 
(581) 742-1144,"Quebec, Canada",http://www.lasouche.ca,La Souche Brasserie Artisanale,801 Chemin De La Canadiere 
(418) 545-7272,"Saguenay, Canada",http://www.latourabieres.com,La Tour a Bieres,517 rue Racine Est 
(418) 542-4373,"Saguenay, Canada",http://www.lavoiemaltee.com,La Voie Maltee,2509 rue St-Dominique 
(418) 549-4141,"Chicoutimi, Canada",,La Voie Maltee - Chicoutimi,777 Boulevard Talbot 
(780) 436-0839,"Edmonton, Canada",http://www.labatt.com,Labatt Breweries-Alberta,7724 69 St NW 
(709) 579-0121,"St Johns, Canada",http://www.labatt.com,Labatt Breweries-Newfoundland,PO Box 7160 /W End Postal Sta. 
(519) 663-5050,"London, Canada",http://www.labatt.com,Labatt Breweries-Ontario,PO Box 5050/150 Simcoe St 
(514) 366-5050,"LaSalle, Canada",http://www.labatt.com,"Labatt, La Brasserie-Quebec",50 Labatt St 
(250) 428-9344,"Creston, Canada",http://www.labatt.com,Labatt-Columbia Brewing Co,1220 Erickson St 
(902) 453-1867,"Halifax, Canada",http://www.labatt.com,Labatt-Oland Breweries,3055 Agricola St 
,"Saint-Jean-sur-Richelieu, Canada",,Lagabière,167 Rue Richelieu 
(705) 767-2313,"Baysville, Canada",http://www.lakeofbaysbrewing.ca,"Lake of Bays Brewing Co, Ltd",PO Box 17 / 2681 Muskoka Rd 117 
,"Kenora , Canada",,Lake of the Woods Brewing Company,350 Second Street South  
(613) 476-1321,"Prince Edward County, Canada",http://www.lakeonthemountain.com/brewery,Lake On the Mountain Brewery,264 County Rd 7 
(780) 614-9466,"Saint Paul, Canada",,Lakeland Brewing Company,4227 50 Ave 
(514) 282-7448,"Montreal, Canada",http://www.amereaboire.com,LAmere a Boire,2049 rue St-Denis 
(587) 353-7387,"Calgary, Canada",http://www.lastbestbrewing.com,Last Best Brewing and Distillery,607 11th Ave SW 
(306) 543-3331,"Regina, Canada",,Last Straw Brew Pub,127 Albert St 
(418) 723-1339,"Rimouski, Canada",http://www.lebienlemalt.com,"Le Bien, Le Malt",141 Avenue Belzille 
(450) 771-6900,"St-Hyacinthe, Canada",http://www.lebilboquet.qc.ca,Le Bilboquet,1850 Rue des Cascades Ouest 
,"Montreal, Canada",http://www.lechevalblanc.ca,Le Cheval Blanc,809 Ontario Est 
(816) 691-3371,"Trois Rivieres, Canada",,Le Gambrinus,3160 Blvd Des Forges 
(819) 791-7574,"Sherbrooke, Canada",http://www.refugedesbrasseurs.ca,Le Refuge Des Brasseurs,2155 Rue Galt Ouest 
(514) 680-8052,"Montreal, Canada",http://www.lesaintbock.com,Le Saint-Bock Brasserie Artisanale,1749 rue Saint-Denis 
(418) 240-2332,"Baie-Saint-Paul, Canada",http://www.saint-pub.com,Le Saint-Pub MicroBrasserie,2 Rue Racine 
,"Trois-Rivières, Canada",,Le Temps D'une Pinte,1465 Rue Notre-Dame Centre  
(819) 762-6611,"Rouyn-Noranda, Canada",http://www.letreflenoir.com,Le Trèfle Noir,145 Avenue Principale 
(647) 346-5001,"Toronto, Canada",http://www.leftfieldbrewery.ca,Left Field Brewery,36 Wagstaff Drive 
(647) 501-6535,"Montreal, Canada",http://www.les3brasseurs.ca/,Les 3 Brasseurs,"2075, Robert-Bourassa, bureau 600 "
(514) 351-5591,"Anjou, Canada",,Les 3 Brasseurs - Anjou,7225 Blvd Des Galeries D'Anjou 
(514) 788-6333,"Montreal, Canada",http://www.les3brasseurs.com,Les 3 Brasseurs - Catherine,"732, Ste-Catherine Ouest "
(514) 788-9788,"Montreal, Canada",http://www.les3brasseurs.com,Les 3 Brasseurs - Crescent,"1356, Ste-Catherine Ouest "
(450) 676-7215,"Brossard, Canada",http://www.les3brasseurs.com,Les 3 Brasseurs - Dix-30,"9316, Boulevard Leduc Quartier Dix3"
,"Quebec, Canada",,Les 3 Brasseurs - Laurier,2450 Blvd Laurier Local G50 
(450) 988-4848,"Laval, Canada",,Les 3 Brasseurs - Laval,2900 Avenue Pierre-Péladeau 
(514) 845-1660,"Montreal, Canada",http://www.les3brasseurs.com,Les 3 Brasseurs - St-Denis,1658 rue St-Denis 
(514) 788-6100,"Montreal, Canada",http://www.les3brasseurs.com,Les 3 Brasseurs - St-Paul,105 St-Paul Est 
(647) 347-6286,"Toronto, Canada",,Les 3 Brasseurs - Toronto,275 Younge Street 
(819) 268-5500,"Saint-Alexis-des-Monts, Canada",http://www.lesbieresnouvellefrance.com,Les Bieres de la Nouvelle-France,90 Rivière Aux Écorces Road 
(418) 272-3234,"Anse Saint-Jean, Canada",,Les Brasseurs de L`anse,182 Rte 170 
(450) 979-8400,"Blainville, Canada",http://www.boreale.com,Les Brasseurs du Nord,875 Michele-Bohec 
(819) 205-4999,"Gatineau, Canada",http://www.brasseursdutemps.com,Les Brasseurs du Temps,170 Montcalm 
,"Trois-Rivières, Canada",,Les Frères Houblon,10180 Chemin Sainte-Marguerite 
(866) 619-2372,"Brossard, Canada",http://www.lestroismousquetaires.ca,Les Trois Mousquetaires,3455-A Boulevard Matte 
(450) 619-2372,"Brossard, Canada",http://www.lestroismousquetaires.ca,Les Trois Mousquetaires Microbrasseurs,3755-C Boul. Matte 
,"Montreal , Canada",,L'Espace Public,3632 Rue Ontario Est 
(604) 828-4208,"Vancouver, Canada",http://www.lightheartbrewing.com,Lightheart Brewing Company, 
(250) 383-6500,"Victoria, Canada",,Lighthouse Brewing Co,2-836 Devonshire Rd 
(519) 886-3350,"Waterloo, Canada",,Lion Brewery Restaurant,Huether Hotel/59 King St N 
(250) 591-2739,"Nanaimo, Canada",http://www.longwoodbeer.com,Longwood Brewery,101A-2046 Boxwood Rd 
(250) 729-8225,"Nanaimo, Canada",http://www.longwoodbrewpub.com,Longwood BrewPub,5775 Turner Rd 
(450) 551-0660,"Sorel-Tracy, Canada",http://www.microlouprouge.com,Loup Rouge Artisan Brasseur,44 Rue De Prince 
(613) 722-1454,"Ottawa, Canada",http://www.lowertownbrewery.com,Lowertown Brewery,73 York St 
(519) 506-2537,"Hanover, Canada",http://www.macleansales.ca,Maclean's Ales Inc.,52 14th Ave.  
(905) 738-9463,"Vaughan, Canada",http://www.magnottabrewery.com,Magnotta Brewery,271 Chrislea Rd 
(306) 955-7500,"Saskatoon, Canada",,Maguire`s Irish Pub & Brewery,2105 Grosvenor Park/Suite 32 
(604) 336-7711,"Vancouver, Canada",http://www.mainstreetbeer.ca,Main Street Brewing Company(CANADA),261 E Seventh Ave 
(905) 697-9979,"Bowmanville, Canada",http://www.manantler.com,Manantler Craft Brewing Company,"182 Wellington St, Unit 18 "
(306) 683-3333,"Saskatoon, Canada",,Manos Grill and Brewhouse,2202 22nd St W 
(604) 479-0999,"Maple Ridge, Canada",,Maple Meadows Brewing Company,22775 Dewdney Trunk Rd 
(604) 668-0039,"Vancouver, Canada",http://www.mjg.ca,Mark James Group,1110 Hamilton St Ste. 204 
(905) 906-2337,"Newmarket, Canada",http://www.marketbrewingco.com,Market Brewing Company,17775 Leslie St 
(250) 718-0996,"Vernon, Canada",,Marten Brewing Company,2933 30th Ave 
(902) 757-3484,"Ashdale, Canada",http://www.meanderriverfarm.ca,Meander River Farm And Brewery,906 Woodville Rd 
(905) 984-4060,"St. Catharines, Canada",,"Merchant Ale House, The",98 St Paul St 
(250) 286-4944,"Campbell River, Canada",,Merecroft Village Pub,205 Merecroft Village/ 489 S Dogwood St 
,"Hamilton, Canada",,MERIT Brewing Co,77 Barons Avenue North 
(450) 534-0001,"Bromont, Canada",http://www.lebrouemont.com,Micro Brasserie Le Broumont,107 Boul De Bromont  
(418) 365-4370,"St-Tite, Canada",http://www.alafut.com,MicroBrasserie A La Fut,"670, Notre-Dame "
(418) 365-4370,"Saint Tite, Canada",http://www.alafut.qc.ca,MicroBrasserie A La Fut,670 Rue Notre Dame 
(418) 605-1644,"Riviere Du Loup, Canada",http://www.auxfousbrassant.com,Microbrasserie Aux Fous Brassant,262 Rue Lafontaine 
(418) 435-3877,"Baie-Saint-Paul, Canada",http://www.microbrasserie.com,Microbrasserie Charlevoix,"6, Rue Paul-Rene Tremblay "
(819) 804-1234,"Coaticook, Canada",http://www.microbrasseriecoaticook.ca,MicroBrasserie Coaticook,1007 Rue Child 
(418) 829-0408,"Sainte-Famille, Canada",http://www.microorleans.com,Microbrasserie d`Orleans / Pub Le Mitan,3887 Chemin Royal 
(418) 789-4444,"Buckland, Canada",http://www.microbrasseriedebellechasse.ca,MicroBrasserie De Bellechasse,2020 De L'Eglise 
(418) 702-1128 ext221,"Ste-Anne-de-beaupre, Canada",http://www.mdbp.ca,Microbrasserie Des Beaux Pres Inc,9430 Boul. Ste-Anne 
(418) 345-8758,"Saint-Gedeon de Grandmont, Canada",http://www.microdulac.com,Microbrasserie Du Lac St Jean,120 rue de la Plage St 
(819) 623-1622,"Mont-Laurier, Canada",http://www.microdulievre.com,Microbrasserie du Lievre,110 Boulevard Paquette 
(450) 760-2945,"Joliette, Canada",http://www.lalchimiste.ca,Microbrasserie L`Alchimiste,"681, rue Marion "
(418) 631-1343,"Amqui, Canada",http://www.lacaptive.ca,Microbrasserie La Captive,140 Boul St-Benoit 
(418) 679-3355,"St-Felicien, Canada",http://www.lachouape.com,Microbrasserie La Chouape,1134 Boul. Sacre-Coeur 
(418) 613-0622,"Saint-Felicien, Canada",,Microbrasserie La Chouape Inc.,1164 Boulevard du Sacre-Coeur 
(819) 681-4546,"Mont-Tremblant, Canada",http://www.microladiable.com,Microbrasserie La Diable,"117 chemin Kandahar - C.P. 2669, succ. B "
(819) 843-3405,"Magog, Canada",,Microbrasserie La Memphre,12 Merry Sud 
,"Rigaud, Canada",,Microbrasserie Le Castor,65 Chemin Des Vinaigriers 
(418) 979-1197,"Dolbeau-Mistassini, Canada",https://www.facebook.com/lecoureurdesbois,Microbrasserie Le Coureur Des Bois,1551 Blvd Wallberg 
(450) 372-7079,"Granby, Canada",http://www.brasseriegrimoire.com,Micro-Brasserie Le Grimoire,223 Rue Principale 
,"Carleton-sur-Mer, Canada",,Microbrasserie Le Naufrageur,586 Boulevard Perron 
(418) 364-5440,"Carleton-sur-Mer, Canada",,Micro-brasserie Le Naufrageur,586 Boulevard Perron 
(819) 537-9151,"Shawinigan, Canada",http://www.troududiable.com,Microbrasserie Le Trou Du Diable,412 rue Willow 
(819) 380-8307,"Trois-Rivieres, Canada",http://www.lesfrereshoublon.com,Microbrasserie Les Freres Houblon,"10 180, Chemin Sainte-Marguerite "
(418) 385-1425,"Perce, Canada",http://www.pitcaribou.com,Microbrasserie Pit Caribou,"27, rue de l`Anse "
(819) 565-3636,"Sherbrooke, Canada",http://www.Siboire.ca,Microbrasserie Siboire,80 rue du Depot 
(819) 425-1262,"Mont-Tremblant, Canada",http://www.saintarnould.com,Microbrasserie St Arnould,Pioneer 435 Rue 
(418) 297-5592,"Baie-Comeau, Canada",http://www.stpancrace.com/,Microbrasserie St Pancrace,55 Place Lasalle 
,", Canada",http://www.saintarnould.com,Microbrasserie St-Arnould, 
(418) 820-1918,"Jonquiere, Canada",,Microbrewery of Saguenay,2509 St Dominique 
,"Toronto, Canada",http://www.millstreetbrewery.com,Mill Street Brewery,125 Bermondsey Rd 
(416) 681-0338,"Ottawa, Canada",http://www.millstreetbrewery.com,Mill Street Brewery - Ottowa,555 Wellington Street 
,"Scarborough, Canada",,Mill Street Brewery- Scarborough,300 Midwest Road 
(604) 820-1009,"Mission, Canada",http://www.missionspringsbrewingcompany.com,Mission Springs Brewing Co,7160 Oliver St 
604-820-1009,"Mission, Canada",,Missions Springs,7160 Oliver St 
,"Montreal, Canada",http://www.mmtum.com,MMTUM Inc, 
(416) 975-1786,"Montreal, Canada",http://www.molson.com,Molson Canada -Quebec CORP,1555 Notre Dame St East 
(780) 482-1786,"Edmonton, Canada",http://www.molson.com,Molson Canada-Alberta,10449 121st St 
(604) 664-1786,"Vancouver, Canada",http://www.molson.com,Molson Canada-British Columbia,1550 Burrard St 
(709) 726-1786,"St Johns, Canada",http://www.molson.com,Molson Canada-Newfoundland,PO Box 5308/Circular Rd 
(416) 675-1786,"Etobicoke, Canada",http://www.molson.com,Molson Canada-Ontario,33 Carlingview Drive 
(306) 359-1786,"Regina, Canada",http://www.molson.com,Molson Canada-Saskatchewan,2-395 Park Street 
(604) 492-3911,"Port Moody, Canada",http://www.moodyales.com,Moody Ales,2601 Murray St 
(506) 635-7000,"St. John, Canada",http://www.mooseheadbeer.com,Moosehead Breweries Ltd,"PO  Box 3100, Sta B/89 Main St W "
(519) 252-8004,"Windsor, Canada",http://thisismotor.com,Motor Craft Ales,888 Erie Street East 
(250) 837-2756,"Revelstoke, Canada",http://www.mtbegbie.com,Mount Begbie Brewing Co Ltd,521 1st St W Box 2995
(705) 444-5426,"Collingwood, Canada",http://www.mountainbrew.ca,Mountain Brew,100 Mountain Rd Unit 11a 
(403) 695-3706,"Calgary, Canada",http://www.damngoodbeer.ca,Mountain Crest Brewing Corp.,1314 44 Avenue NE 
(250) 427-7671,"Kimberley, Canada",http://mozzartinn.weebly.com/brewery.html,Mozart Brewing Company,130 Spokane Street 
(250) 837-2756,"Revelstoke, Canada",http://www.mt-begbie.com,Mt. Begbie Brewing Co Ltd,PO Box 2995 / 521 1st St W 
(819) 359-3887,"Tingwick, Canada",http://www.multibrasserie.ca,Multi-Brasse Microbrasserie,"1209, St-Joseph "
(705) 646-1266,"Bracebridge, Canada",http://www.muskokabrewery.com,Muskoka Brewery,PO Box 1222 
(250) 352-3582,"Nelson, Canada",http://www.nelsonbrewing.com,Nelson Brewing Co,512 Latimer St 
(519) 799-5790,"Neustadt, Canada",http://www.neustadtsprings.com,Neustadt Springs Brewery,456 Jacob St 
(905) 371-1001,"Niagara Falls, Canada",,Niagara Best Beer Limited,6863 Lundy's Lane 
905-641-2252x4076,"Niagara On the Lake, Canada",http://www.ncteachingbrewery.ca/,Niagara College Teaching Brewery,135 Taylor Rd 
(905) 356-2739,"Niagara Falls, Canada",,Niagara Falls Brewing Co,6863 Lundy’s Ln 
(613) 688-2337,"Ottawa , Canada",http://www.nitabeer.com,Nita Beer Company,190 Colonnade Rd Unit 17
,"Saint-Eustache, Canada",,Noire Et Blanche Microbrasserie,196 Rue St-Eustache 
(306) 528-9910,"Nokomis, Canada",http://www.nokomiscraftales.com,Nokomis Craft Ales,301 1st Avenue East 
,"Camrose, Canada",,Norsemen Brewing Co,6505 48th Ave 
,"Halifax, Canada",http://www.bridgebeer.ca,North Brewing Company,2576 Agricola St 
(506) 457-9082,"Northampton, Canada",http://www.picaroons.ca,Northampton Brewing Co LTD,66 Parker Road 
(705) 293-6666,"Collingwood, Canada",http://www.northwindsbrewhouse.com,Northwinds Brewhouse,499 First St Unit 3 and 4 
,"Calgary, Canada",,Notre Dame Brewing Company, 
,"Yellowknife, Canada",,NWT Brewing Company,3905 Franklin Ave. 
,"Niagara-on-th-Lake, Canada",,Oast House Brewers ,2017 Niagara Stone Rd 
(604) 563-5767,"Vancouver, Canada",http://www.offtherailbrewing.com,Off The Rail Brewing Company,1351 Adanac St 
(250) 542-2337,"Vernon, Canada",http://www.okspring.com,Okanagan Spring Brewery,2801-27A Avenue 
(604) 607-5104,"Abbotsford, Canada",http://www.oldabbeyales.com,Old Abbey Ales Ltd,30321 Fraser Hwy Unit 1A
(905) 271-9888,"Mississauga, Canada",,Old Credit Brewing Co,6 Queen St W Port Credit 
(604) 392-2011,"Chilliwac, Canada",http://www.oldyalebrewing.com,Old Yale Brewing Co,#4 7965 Venture Pl 
(705) 745-0495,"Peterborough, Canada",http://www.oldestone.com,Olde Stone Brewing Co,380 George St N 
(204) 583-8092,"Winnipeg, Canada",http://www.ogcbrewingco.com,One Great City Brewing Company Ltd.,1596 Ness Avenue 
(306) 761-2777,"Regina, Canada",http://www.thetap.ca,"Open Tap Brewpub & Eatery, The",4245 Rochdale Blvd 
(250) 427-2426,"Kimberley, Canada",http://www.overtimebeer.ca,Over Time Beer Works,136A Wallinger Ave 
(604) 421-2119,"Prince George, Canada",http://www.pwbrewing.com,Pacific Western Brewing Co,641 N Nechako Rd 
(250) 562-2424,"Prince George, Canada",,Pacific Western Brewing Co,641 N Nechako Rd 
(306) 477-5632,"Saskatoon, Canada",http://www.paddockwood.com,Paddock Wood Brewing Supplies,"B1-116, 103rd St E "
(902) 542-0059,"Wolfville, Canada",,Paddy and Rosies Brewpub,320 Main Street 
(902) 542-0059,"Wolfville, Canada",http://www.paddyspub.ca,Paddys Pub and Brewery,460 Main St. 
(604) 558-2739,"Vancouver, Canada",http://www.parallel49brewing.com,Parallel 49 Brewing Co,1950 Triumph Street 
01924  457 772,"Hightown, Canada",,Partners Brewery,589 Halifax Road 
(604) 255-4301,"Vancouver, Canada",http://www.patspub.ca,Pat's Pub & Brewhouse,403 E Hasings St 
,"Winnipeg, Canada",,Peg Beer Co., 
(416) 918-5295,"Toronto, Canada",http://peoplespint.com,People's Pint Brewing Company Inc., 
(905) 333-6999,"Burlington, Canada",http://www.pepperwood.on.ca,Pepperwood Bistro and Brewery,1455 Lakeshore Rd 
,"Gibsons, Canada",http://www.persephonebrewing.com,Persephone Brewing Company,1053 Stewart Road 
(613) 264-1087,"Perth, Canada",http://www.perthbrewery.ca,Perth Brewery,121 Dufferin St 
(250) 380-1912,"Victoria, Canada",http://www.phillipsbeer.com,Phillips Brewing Co,2010 Government St 
(416) 736-1733,"Toronto, Canada",http://www.blackcreekbrewery.ca/our-brewery,Pioneer Brewery Ltd,1000 Murray Ross Parkway 
(604) 699-1988,"Vancouver, Canada",http://www.postmarkbrewing.com,Postmark Brewing,55 Dunleavy Ave 
,"Vancouver, Canada",http://www.powellbeer.com,Powell Street Craft Brewery,1357 Powell Street 
(403) 837-1414,"Calgary, Canada",http://www.prairiedogbrewing.ca,Prairie Dog Brewing CANADA Inc. , 
,"Saskatoon, Canada",http://www.prairiesun.ca,Prairie Sun Brewery, 
,"Toronto, Canada",,Project Micro, 
(902) 422-7767,"Dartmouth, Canada",http://www.drinkpropeller.ca,Propeller Brewing Company,617 Windmill Rd 
(705) 874-5743,"Peterborough, Canada",http://www.thepublicanhouse.com,"Publican House Brewery, The",300 Charlotte St 
(506) 854-2537,"Moncton, Canada",,Pump House Brewery Ltd,131 Mill Road 
(506) 855-2337,"Moncton, Canada",http://www.pumphousebrewery.ca,"Pump House Brewery Ltd., The",5 Orange Ln 
(709) 770-3164,"St Johns, Canada",,Quidi Vidi Brewing Co,35 Barrows Rd 
(604) 874-2537,"Vancouver, Canada",http://www.r-and-b.com,R and B Brewing Co,54 East 4th Ave 
(506) 392-6620,"Florenceville-Bristol, Canada",http://www.railcarbrewing.com,Railcar Brewing Company,2 Curtis Rd 
(519) 631-1881,"St. Thomas, Canada",http://www.railwaycitybrewing.com,Railway City Brewing Co,130 Edward St. 
(902) 533-2078,"Guysborough, Canada",http://www.rarebirdbeer.com,Rare Bird Craft Beer,80 Main St 
,"Regina, Canada",,Rebellion Brewing Company, 
(587) 435-6203,"Calgary, Canada",http://redbisonbrewery.com,Red Bison Brewery, 
,"Kamloops, Canada",,Red Collar Brewing ,355 Lansdowne St 
(778) 926-8782,"Vancouver, Canada",http://www.redtruckbeer.com,Red Truck Beer Company Ltd.,295 E 1st Avenue 
(519) 704-1335,"Sarnia, Canada",http://www.refinedfool.com,Refined Fool Brewing Company,137 Davis St 
(780) 755-3008,"Edgerton, Canada",http://www.ribstonecreekbrewery.ca,Ribstone Creek Brewery,4924 51 Street 
(604) 244-8103,"Richmond, Canada",http://www.beerworks.ca,Richmond Beer Works Ltd,#115 7011 Elmbridge Way 
(604) 380-0888,"Maple Ridge, Canada",http://www.ridgebrewing.com,Ridge Brewing,2-22826 Dewdney Trunk Rd 
(250) 495-7679,"Osoyoos, Canada",,Ridge Brewing Co,9907 Hwy 3 / PO Box 431 
(250) 324-7468,"Chemainus, Canada",http://www.riotbrewing.com,Riot Brewing Co.,101A - 3055 Oak St. 
,"Barrie, Canada",,"Robert Simpson Brewing Co. Ltd., The",107 Dunlop Street East 
(902) 407-4278,"Halifax, Canada",http://www.rockbottombrewery.ca,Rockbottom Bar & Brewery,5686 Spring Garden Rd 
(250) 362-2122,"Rossland, Canada",http://www.rosslandbeer.com,Rossland Beer Company,1990-A 
(905) 209-1236,"Markham, Canada",http://rougeriverbrewery.com,Rouge River Brewing Company,50 Bullock Drive Unit 8 
(780) 499-0691,"Calmar, Canada",,Roughneck Brewing Co,PO Box 732 
(902) 742-7311,"Yarmouth, Canada",http://www.ruddersbrewpub.com,Rudder`s Seafood Restaurant & Brew Pub,96 Water Street 
(604) 599-1190,"Surrey, Canada",http://www.russellbrewing.com,"Russell Breweries, Inc",#202-13018 80th Ave 
(289) 887-5826,"Hamilton, Canada",http://www.rustcitybrewery.com,Rust City Brewery, 
(604) 984-2567,"North Vancouver, Canada",,Sailor Hagars Brewpub,221 W First St 
(416) 835-5951,"Toronto, Canada",,Saint Andre Brewing Co,35 Elderfield Crescent 
(705) 681-1100,"Gravenhurst, Canada",http://www.sawdustcitybrewing.com,Sawdust City Brewing Co,397 Muskoka Rd. N. 
(902) 790-2364,"Falmouth, Canada",http://www.schoolhousebrewery.ca,Schoolhouse Brewery,63 Castle Frederick Rd 
,"St-Polycarpe , Canada",,Schoune Farm Brewery ,2075 Chemin Ste-Catherine 
(613) 257-7845,"Carleton Place, Canada",http://scotchirishbrewing.ca,Scotch Irish Brewing Co,40 Bennett Street 
(905) 542-5555,"Port Williams, Canada",http://www.sealevelbrewing.com,Sea Level Brewing Co,980 Terrys Creek Road 
,"Dundas, Canada",,Shawn & Ed Brewing Company,65 Hatt Street 
,"Saskatoon, Canada",,Shiny Penny Brewery,Paddock Wood Brewing Co. 148 2nd Ave. N.
(705) 293-5511,"Collingwood, Canada",,Side Launch Brewing Co,"200 Mountain Road, Unit 1 "
,"Niagara-on-the-Lake, Canada",,Silversmith Brewing Company ,1523 Niagara Stone Road 
(905) 928-7975,"Perth, Canada",http://www.wolfgangsbeer.com,Skeena Brewing Company,1026 Code Rd 
(519) 822-1834,"Guelph, Canada",http://www.sleeman.com,Sleeman Brewing and Malting Co,551 Clair Rd W 
(807) 344-5225,"Thunder Bay, Canada",http://www.sleepinggiaantbrewing.ca,Sleeping Giant Brewing Co,712 Macdonell Street 
(519) 868-7019,"Grand Bend , Canada",http://smackwaterjacks.ca,Smackwater Brewing Company, 
(705) 743-4747,"Peterborough, Canada",http://www.smithavenbrewing.ca,Smithavens Brewing Company,687 Rye St 
(403) 803-9543,"Red Deer, Canada",http://www.facebook.com/somethingbeer,Something Brewing,6610 71st St 
(416) 737-2337,"Toronto, Canada",http://www.spearheadbeer.com,Spearhead Brewing Co, 
(306) 249-0900,"Saskatoon, Canada",http://www.specklebellys.com,Specklebelly's Brewpub / Athena Restaurant,900 Central Avenue 
(250) 386-2739,"Victoria, Canada",http://www.spinnakers.com,Spinnakers Brewpub Inc,308 Catherine St 
(647) 839-3662,"Toronto, Canada",,Square Peg Brewing Company Ltd., 
(604) 519-5359,"Delta, Canada",http://www.stanleyparkbrewery.ca,Stanley Park Brewing Company,465 Fraser View Pl 
(450) 661-0281,"Saskatoon, Canada",,Starbrew Inc.,519 2nd Ave North 
(416) 362-2337,"Toronto, Canada",,Steam Whistle Brewing Co,255 Bremner Blvd 
,"Vancouver, Canada",,Steamworks Brew Pub,SB54-601 West Cordova Street 
(604) 689-2739,"Vancouver, Canada",http://www.steamworks.com,Steamworks Brew Pub,375 Water St 
,"New Westminister, Canada",,Steel & Oak Brewing Co,1319 Third Ave 
,"Vancouver, Canada",,Steel Toad Brewing Company, 
(204) 330-9621,"Winnipeg, Canada",http://www.stoneangelbrewing.ca,Stone Angel Brewing, 
(613) 542-4222,"Kingston, Canada",http://www.stonecityales.com,Stone City Ales,275 Princess St. 
(519) 824-1194,"Guelph, Canada",http://www.stonehammer.ca,StoneHammer Brewing,355 Elmira Rd North 
1 604-255-9119,"Vancouver, Canada",http://www.stormbrewing.ca,STORM BREWING in Newfoundland Ltd.,310 Commercial Drive 
(604) 255-9119,"Vancouver, Canada",,Storm Brewing Ltd,310 Commercial Dr 
(416) 453-6120,"Pickering, Canada",http://www.sbc.beer,Stouffville Brewing Company,1802 Spruce Hill Rd 
(604) 215-0092,"Vancouver, Canada",http://www.strangefellowsbrewing.com,Strange Fellows Brewing,1345 Clark Dr 
(519) 275-3496,"Stratford, Canada",http://www.stratfordbrewing.com,Stratford Brewing Co,114 Erie Street 
(604) 219-8655,"Vancouver, Canada",http://www.superfluxbeer.com,Superflux Beer Company,2142 W 34th Ave 
(250) 361-3310,"Victoria, Canada",http://www.swanshotel.com,Swan's Brewpub,506 Pandora Ave 
(250) 361-3310,"Victoria, Canada",http://www.swanshotel.com,Swans Buckerfield Brewery,506 Pandora Ave 
(416) 566-0769,"Toronto, Canada",,Sweetgrass Brewing Company,299 Milverton Blvd.  
(289) 477-1010,"Niagara Falls, Canada",http://www.tapsbeer.com,Taps Brewing Co,4680 Queen St 
,"Tatamagouche, Canada",,Tatamagouche Brewing Company, 
(604) 984-2739,"North Vancouver, Canada",,Taylor`s Crossing Brewery,1025 Marine Drive 
(519) 428-2886,"Simcoe, Canada",http://www.blueelephant.ca,The Blue Elephant Craft Brew House,96 Norfolk St South 
(604) 905-2739,"Whistler, Canada",http://www.mjg.ca/brewhouse,The BrewHouse,4355 Blackcomb Way 
(403)769-9399,"Calgary, Canada",http://www.thedandybrewingcompany.com,The Dandy Brewing Company,11-1826 25 Avenue Northeast 
(905) 358-2337,"Niagara-on-the-Lake, Canada",,The Exchange Brewery Inc.,7 Queen St 
(902) 626-2337,"Charlottetown, Canada",http://www.charlottetown.gahan.ca,The Gahan House,126 Sydney St 
(250) 426-7922,"Cranbrook, Canada",http://www.theheidout.ca,The Heid Out,821 Baker St 
(250) 380-0706,"Victoria, Canada",http://www.moonunderwater.ca,The Moon Under Water,350B Bay Street 
(778) 471-5999,"Kamloops, Canada",http://www.thenoblepig.ca,The Noble Pig,650 Victoria St 
(613) 257-4423,"Ottowa, Canada",http://www.ashtonbrewpub.ca,The Old Mill At Ashton Country Pub and Brewery,113 Old Mill Rd. 
(905) 852-3232,"Uxbridge, Canada",http://www.thesecondwedge.ca,The Second Wedge Brewing Company,14 Victoria Street 
(306) 761-2777,"Regina, Canada",http://www.thetap.ca,The Tap Brewing Company and Eatery ,4245 Rochdale Blvd.  
(647) 999-4846,"Nobleton, Canada",,Thornbury Village Craft Brewery,5645 King Rd 
(250) 566-0024,"Valemount, Canada",http://threerange.com,Three Ranges Brewing Co,1160 5th Avenue 
01483 222228,"Shere, Canada",,Tillingbourne Brewery,Old Scotland Farm Staple Lane
(250) 770-1122,"Penticton, Canada",,Tin Whistle Brewing Co,954 W Eckhardt Ave 
(250) 725-2899,"Tofino, Canada",http://www.tofinobrewingco.com,Tofino Brewing Company,PO Box 1033 681 Industrial Way - Unit C and D
(519) 954-4433,"Kitchener, Canada",http://www.brewing.coop,Together We're Bitter Co-operative Brewing Inc,300 Mill St. Unit 1 
,"Calgary, Canada",http://www.toolshedbrewing.com,Tool Shed Brewing Company, 
(613) 695-4677,"Ottawa, Canada",http://toothandnailbeer.com,Tooth And Nail Brewing Company,3 Irving Ave. 
,"Nelson , Canada",,Torchlight Brewing Co,511 Front Street 
(204) 330-1149,"Winnipeg, Canada",,Torque Brewing Inc.,330-830 King Edward St. 
(902) 863-2248,"Antigonish, Canada",https://antigonishtownhouse.wordpress.com,TownHouse Brewpub and Eatery,76 College St 
(604) 483-2111,"Powell River, Canada",http://www.townsitebrewing.com,Townsite Brewing,5824 Ash Avenue 
(905) 453-3063,"Brampton, Canada",http://www.tracksbrewpub.com,Tracks Brewpub,60 Queen St E 
(905) 337-0133,"Oakville, Canada",http://www.alesandmeads.com,Trafalgar Brewing Co,1156 Speers Road 
(506) 260-7613,"Fredericton, Canada",http://www.trailwaybrewing.com,TrailWay Brewing Company,McConell St 
(403) 866-4552,"Medicine Hat, Canada",,Travois Ale Works, 
(250) 717-1091,"Kelowna, Canada",http://www.treebeer.com,Tree Brewing,1083 Richter St 
(902) 397-3131,"Amherst, Canada",http://www.triderscraftbeer.ca,Trider's Craft Beer,46 Anson Avenue Unit 3 
,"Calgary, Canada",http://www.trolleyfive.com,Trolley Five Brew Co., 
(403) 358-6939,"Red Deer, Canada",http://www.troubledmonk.com,Troubled Monk,"5551-45th Street, Unit 1 "
,"Pictou, Canada",,Uncle Leo's Brewery,2623 Hwy. 376 
(416) 238-6760,"Oshawa, Canada",http://www.underdogsbrewhouse.com,Underdog's Brewhouse,1100 Skae Dr Unit 2
(450) 658-7658,"Chambly, Canada",http://www.unibroue.com,Unibroue Inc,80 Des Carrieres 
(902) 894-0543,"Charlottetown, Canada",http://www.upstreetcraftbrewing.com,Upstreet Craft Brewing,41 Allen St. 
(250) 361-0007,"Victoria, Canada",http://www.vanislandbrewery.com,Vancouver Island Brewery,2330 Government St 
(514) 695-7550,"Pointe-Claire, Canada",,Vessels and Barrels,6321 Route Transcanadienne 
(403) 803-9543,"Calgary, Canada",http://www.villagebrewery.com,Village Brewery,5000 12A St SE 
(403) 243-3398,"Calgary, Canada",http://www.villagebrewery.com,Village Brewing Co,5000 12-A St SE 
(519) 255-9192,"Windsor, Canada",http://www.walkervillebrew.com/,Walkerville Brewing Co,525 Argyle Rd 
(613) 860-1515,"Ottawa, Canada",http://www.wallerst.ca,Waller St Brewing ,14 Waller St 
(519) 837-2337,"Guelph, Canada",,Wellington County Brewery,950 Woodlawn Rd W 
(403) 614-7774,"Calgary, Canada",,West Of The 5th Brewing Company Ltd., 
(250) 624-2739,"Prince Rupert, Canada",http://www.wheelhousebrewing.com,Wheelhouse Brewing Company,217 1st Ave. E. 
,"Ottawa, Canada",,Whipersnapr Brewing Co,14 Bexley Place Unit 106 and 108
(613) 596-9882,"Nepean, Canada",http://www.whiprsnaprbrewingco.com,Whiprsnapr Brewing Company,14 Bexley Pl Unit 106
(306) 373-4440,"Saskatoon, Canada",,Whiskey Jacks,202-3929 8th St East 
,"Whistler, Canada",http://www.whistlerbeer.com,Whistler Brewing Co,1045 Millar Creek Rd 
(604) 319-4378,"White Rock, Canada",http://www.whiterockbeachbeer.com,White Rock Beach Beer Company,15181 Russell Avenue 
(403) 703-4685,"Golden, Canada",http://www.whitetoothbrewing.com,Whitetooth Brewing Company,"PO 329, 623-8th Ave North "
(613) 582-7227,"Forester Falls, Canada",http://www.whitewaterbeer.ca,Whitewater Brewing Company,22 Fletcher Road 
(403) 720-2733,"Calgary, Canada",http://www.wildrosebrewery.com,Wild Rose Brewery,"#15, 5505 - 72 Avenue S.E. "
(403) 720-2733,"Calgary, Canada",,Wild Rose Brewery - Production,#15 5505 72nd Ave Se 
(888) 407-2407,"Whitehorse, Canada",http://www.winterlongbrewing.com,Winterlong Brewing Company,83 Mount Sima Rd 
(250) 716-2739,"Nanaimo, Canada",http://www.wolfbrewingcompany.com,Wolf Brewing Company,940 Old Victoria Rd 
(519) 500-5029,"Wolfe Island, Canada",,Wolfe Island Spring Craft Brewery,"1570, County Road 96 "
(587) 276-0022,"Fort McMurray, Canada",http://www.woodbuffalobrewingco.ca,Wood Buffalo Brewing Company,9914 Morrison St 
(647) 883-4667,"Toronto, Canada",http://www.woodhousebrewing.com,Woodhouse Brewing,164 Evans Avenue 
,"St John's, Canada",,Yellow Belly Brewery,P.O Box 323 Stn C 
,"Port Moody, Canada",,Yellow Dog Brewing Co.,1 - 2817 Murray St. 
17809035016,"Edmonton, Canada",http://www.yellowheadbrewery.com,Yellowhead Brewery,10229 105 Street 
(867) 668-4183,"Whitehorse, Canada",http://www.yukonbeer.com,Yukon Brewing Co,102A Copper Rd 
